{
  "Pepper__bell___Bacterial_spot": {
    "precision": 0.94,
    "recall": 0.46534653465346537,
    "f1-score": 0.6225165562913907,
    "support": 101.0
  },
  "Pepper__bell___healthy": {
    "precision": 0.5314685314685315,
    "recall": 1.0,
    "f1-score": 0.6940639269406392,
    "support": 152.0
  },
  "Potato___Early_blight": {
    "precision": 0.6394557823129252,
    "recall": 0.9306930693069307,
    "f1-score": 0.7580645161290323,
    "support": 101.0
  },
  "Potato___Late_blight": {
    "precision": 1.0,
    "recall": 0.043478260869565216,
    "f1-score": 0.08333333333333333,
    "support": 92.0
  },
  "Potato___healthy": {
    "precision": 0.5,
    "recall": 0.13333333333333333,
    "f1-score": 0.21052631578947367,
    "support": 15.0
  },
  "Tomato_Bacterial_spot": {
    "precision": 0.8571428571428571,
    "recall": 0.10619469026548672,
    "f1-score": 0.1889763779527559,
    "support": 226.0
  },
  "Tomato_Early_blight": {
    "precision": 0.3,
    "recall": 0.029411764705882353,
    "f1-score": 0.05357142857142857,
    "support": 102.0
  },
  "Tomato_Late_blight": {
    "precision": 0.5123456790123457,
    "recall": 0.83,
    "f1-score": 0.6335877862595419,
    "support": 200.0
  },
  "Tomato_Leaf_Mold": {
    "precision": 0.9411764705882353,
    "recall": 0.18181818181818182,
    "f1-score": 0.3047619047619048,
    "support": 88.0
  },
  "Tomato_Septoria_leaf_spot": {
    "precision": 0.28865979381443296,
    "recall": 0.9130434782608695,
    "f1-score": 0.4386422976501306,
    "support": 184.0
  },
  "Tomato_Spider_mites_Two_spotted_spider_mite": {
    "precision": 1.0,
    "recall": 0.011695906432748537,
    "f1-score": 0.023121387283236993,
    "support": 171.0
  },
  "Tomato__Target_Spot": {
    "precision": 0.2647058823529412,
    "recall": 0.3076923076923077,
    "f1-score": 0.2845849802371542,
    "support": 117.0
  },
  "Tomato__Tomato_YellowLeaf__Curl_Virus": {
    "precision": 0.8272980501392758,
    "recall": 0.9195046439628483,
    "f1-score": 0.8709677419354839,
    "support": 323.0
  },
  "Tomato__Tomato_mosaic_virus": {
    "precision": 0.0,
    "recall": 0.0,
    "f1-score": 0.0,
    "support": 28.0
  },
  "Tomato_healthy": {
    "precision": 0.8461538461538461,
    "recall": 0.6145251396648045,
    "f1-score": 0.7119741100323624,
    "support": 179.0
  },
  "accuracy": 0.5392015392015392,
  "macro avg": {
    "precision": 0.6298937928656928,
    "recall": 0.43244915406442824,
    "f1-score": 0.3919128442111912,
    "support": 2079.0
  },
  "weighted avg": {
    "precision": 0.6845493028759098,
    "recall": 0.5392015392015392,
    "f1-score": 0.4733991571126848,
    "support": 2079.0
  }
}